역명,주말구분,전체이용객수,피크시간대,피크시간대_이용객수,피크집중도,시간대별_평균,시간대별_표준편차,안정도
가락시장,전체,12574329.0,18-19시간대,1285961.0,0.102269,628716.450000,312913.955443,0.502297
가락시장,평일,10177639.0,08-09시간대,1162308.0,0.114202,508881.950000,279573.219638,0.450613
가락시장,주말,2396690.0,16-17시간대,194152.0,0.081008,119834.500000,56703.512892,0.526818
가산디지털단지,전체,27779890.0,08-09시간대,4780995.0,0.172103,1388994.500000,1254203.675482,0.097042
가산디지털단지,평일,25163942.0,08-09시간대,4675722.0,0.185810,1258197.100000,1236528.305274,0.017222
가산디지털단지,주말,2615948.0,16-17시간대,227830.0,0.087093,130797.400000,69688.479619,0.467203
강남,전체,55564369.0,18-19시간대,6012346.0,0.108205,2778218.450000,1461434.667981,0.473967
강남,평일,45205827.0,18-19시간대,5262311.0,0.116408,2260291.350000,1297371.879743,0.426016
강남,주말,10358542.0,17-18시간대,913873.0,0.088224,517927.100000,273604.372690,0.471732
강남구청,전체,11529456.0,08-09시간대,1350157.0,0.117105,576472.800000,367278.888630,0.362886
강남구청,평일,9661056.0,08-09시간대,1270672.0,0.131525,483052.800000,343184.392056,0.289551
강남구청,주말,1868400.0,16-17시간대,147558.0,0.078976,93420.000000,46600.022473,0.501177
강동,전체,13046942.0,08-09시간대,1474001.0,0.112977,652347.100000,334501.241571,0.487234
강동,평일,10459373.0,08-09시간대,1350686.0,0.129136,522968.650000,310023.773009,0.407185
강동,주말,2587569.0,13-14시간대,202940.0,0.078429,129378.450000,57155.523903,0.558230
강동구청,전체,7461526.0,08-09시간대,869569.0,0.116540,373076.300000,203745.926854,0.453876
강동구청,평일,6141450.0,08-09시간대,805183.0,0.131106,307072.500000,188574.398715,0.385896
강동구청,주말,1320076.0,16-17시간대,101905.0,0.077196,66003.800000,30492.585805,0.538018
강변(동서울터미널),전체,19279430.0,18-19시간대,1758013.0,0.091186,963971.500000,454166.024701,0.528859
강변(동서울터미널),평일,14208740.0,08-09시간대,1446662.0,0.101815,710437.000000,360904.695300,0.491996
강변(동서울터미널),주말,5070690.0,17-18시간대,409256.0,0.080710,253534.500000,130330.211153,0.485947
강일,전체,4148380.0,07-08시간대,422075.0,0.101745,207419.000000,102556.069174,0.505561
강일,평일,3340212.0,07-08시간대,391978.0,0.117351,167010.600000,94894.348816,0.431806
강일,주말,808168.0,17-18시간대,58751.0,0.072697,40408.400000,17568.913203,0.565216
개롱,전체,4728554.0,08-09시간대,469323.0,0.099253,236427.700000,114288.380937,0.516603
개롱,평일,3815380.0,08-09시간대,419110.0,0.109848,190769.000000,102796.855474,0.461145
개롱,주말,913174.0,13-14시간대,71064.0,0.077821,45658.700000,20699.717807,0.546642
개화산,전체,4212157.0,08-09시간대,454434.0,0.107886,210607.850000,103833.890391,0.506980
개화산,평일,3391638.0,08-09시간대,411820.0,0.121422,169581.900000,95862.974448,0.434710
개화산,주말,820519.0,17-18시간대,59197.0,0.072146,41025.950000,16623.634207,0.594802
거여,전체,6958645.0,08-09시간대,735909.0,0.105755,347932.250000,179146.804145,0.485110
거여,평일,5689088.0,08-09시간대,664836.0,0.116862,284454.400000,167247.494925,0.412041
거여,주말,1269557.0,16-17시간대,94268.0,0.074253,63477.850000,26558.726167,0.581606
건대입구,전체,37799475.0,18-19시간대,3810241.0,0.100801,1889973.750000,864018.279699,0.542841
건대입구,평일,28154427.0,18-19시간대,3042670.0,0.108071,1407721.350000,675038.914795,0.520474
건대입구,주말,9645048.0,17-18시간대,820019.0,0.085020,482252.400000,247670.464702,0.486430
경복궁(정부서울청사),전체,19644064.0,18-19시간대,1951059.0,0.099321,982203.200000,574783.033338,0.414802
경복궁(정부서울청사),평일,14604138.0,08-09시간대,1737759.0,0.118991,730206.900000,454617.906411,0.377412
경복궁(정부서울청사),주말,5039926.0,16-17시간대,508635.0,0.100921,251996.300000,174622.074878,0.307045
경찰병원,전체,5108829.0,08-09시간대,635023.0,0.124299,255441.450000,146962.466969,0.424673
경찰병원,평일,4288037.0,08-09시간대,589163.0,0.137397,214401.850000,137304.762523,0.359592
경찰병원,주말,820792.0,13-14시간대,61071.0,0.074405,41039.600000,18335.988150,0.553212
고덕,전체,7220816.0,18-19시간대,593998.0,0.082262,361040.800000,161694.488335,0.552143
고덕,평일,5905562.0,07-08시간대,520832.0,0.088193,295278.100000,140660.535270,0.523634
고덕,주말,1315254.0,13-14시간대,106043.0,0.080625,65762.700000,31763.082832,0.517005
고려대(종암),전체,6192054.0,08-09시간대,644135.0,0.104026,309602.700000,147583.921359,0.523312
고려대(종암),평일,4981038.0,08-09시간대,588006.0,0.118049,249051.900000,133445.863201,0.464185
고려대(종암),주말,1211016.0,14-15시간대,92412.0,0.076309,60550.800000,26607.561656,0.560575
고속터미널,전체,48250131.0,17-18시간대,4290475.0,0.088922,2412506.550000,1259074.817690,0.478105
고속터미널,평일,33761116.0,17-18시간대,3057629.0,0.090567,1688055.800000,862685.443649,0.488947
고속터미널,주말,14489015.0,16-17시간대,1285077.0,0.088693,724450.750000,419524.870088,0.420906
공덕,전체,23091362.0,18-19시간대,2831568.0,0.122625,1154568.100000,719509.848625,0.376815
공덕,평일,19269716.0,08-09시간대,2666029.0,0.138353,963485.800000,680909.908670,0.293285
공덕,주말,3821646.0,16-17시간대,318275.0,0.083282,191082.300000,92740.301911,0.514658
공릉(서울과학기술대),전체,8766129.0,18-19시간대,796204.0,0.090827,438306.450000,195332.067529,0.554348
공릉(서울과학기술대),평일,6940809.0,08-09시간대,707425.0,0.101923,347040.450000,170923.509687,0.507482
공릉(서울과학기술대),주말,1825320.0,16-17시간대,140173.0,0.076794,91266.000000,39892.524301,0.562898
광나루(장신대),전체,8005285.0,08-09시간대,791371.0,0.098856,400264.250000,189394.417348,0.526827
광나루(장신대),평일,6171996.0,08-09시간대,702889.0,0.113884,308599.800000,164268.051030,0.467699
광나루(장신대),주말,1833289.0,16-17시간대,146667.0,0.080002,91664.450000,44182.259794,0.518000
광명사거리,전체,15116557.0,18-19시간대,1379234.0,0.091240,755827.850000,343620.710100,0.545372
광명사거리,평일,11822969.0,08-09시간대,1175288.0,0.099407,591148.450000,300917.852609,0.490961
광명사거리,주말,3293588.0,16-17시간대,265553.0,0.080627,164679.400000,80861.311262,0.508977
광화문(세종문화회관),전체,24482093.0,08-09시간대,3414624.0,0.139474,1224104.650000,871178.574147,0.288314
광화문(세종문화회관),평일,19656049.0,08-09시간대,3284113.0,0.167079,982802.450000,814926.974388,0.170813
광화문(세종문화회관),주말,4826044.0,16-17시간대,499696.0,0.103542,241302.200000,158345.775740,0.343786
광흥창(서강),전체,6592814.0,08-09시간대,748073.0,0.113468,329640.700000,177422.781091,0.461769
광흥창(서강),평일,5420513.0,08-09시간대,692513.0,0.127758,271025.650000,163536.264294,0.396602
광흥창(서강),주말,1172301.0,16-17시간대,89718.0,0.076532,58615.050000,27208.520652,0.535810
교대(법원.검찰청),전체,31718126.0,18-19시간대,3525547.0,0.111152,1585906.300000,880623.074793,0.444719
교대(법원.검찰청),평일,27025191.0,18-19시간대,3208507.0,0.118723,1351259.550000,807541.304806,0.402379
교대(법원.검찰청),주말,4692935.0,17-18시간대,377987.0,0.080544,234646.750000,112696.966739,0.519716
구로디지털단지,전체,39011152.0,08-09시간대,4803142.0,0.123122,1950557.600000,1139959.381747,0.415573
구로디지털단지,평일,32128182.0,08-09시간대,4484835.0,0.139592,1606409.100000,1081845.699824,0.326544
구로디지털단지,주말,6882970.0,17-18시간대,527153.0,0.076588,344148.500000,141909.687543,0.587650
구산,전체,5150084.0,08-09시간대,560685.0,0.108869,257504.200000,126533.670200,0.508615
구산,평일,4106129.0,08-09시간대,503230.0,0.122556,205306.450000,114215.549938,0.443683
구산,주말,1043955.0,17-18시간대,78207.0,0.074914,52197.750000,23914.904787,0.541840
구의(광진구청),전체,18376199.0,08-09시간대,1967467.0,0.107066,918809.950000,455555.232598,0.504190
구의(광진구청),평일,14636247.0,08-09시간대,1811873.0,0.123794,731812.350000,415986.025341,0.431567
구의(광진구청),주말,3739952.0,16-17시간대,293457.0,0.078465,186997.600000,83372.675148,0.554151
구파발,전체,15372386.0,08-09시간대,1327807.0,0.086376,768619.300000,337913.525044,0.560363
구파발,평일,12034655.0,07-08시간대,1173879.0,0.097542,601732.750000,295892.988577,0.508265
구파발,주말,3337731.0,16-17시간대,269143.0,0.080637,166886.550000,79514.293599,0.523543
군자(능동),전체,18583732.0,18-19시간대,1942863.0,0.104546,929186.600000,454536.732250,0.510823
군자(능동),평일,14594818.0,08-09시간대,1699101.0,0.116418,729740.900000,409300.012394,0.439116
군자(능동),주말,3988914.0,17-18시간대,318103.0,0.079747,199445.700000,84914.514748,0.574247
굽은다리(강동구민회관앞),전체,6941012.0,08-09시간대,642917.0,0.092626,347050.600000,156858.109698,0.548025
굽은다리(강동구민회관앞),평일,5435532.0,08-09시간대,566519.0,0.104225,271776.600000,136749.935876,0.496830
굽은다리(강동구민회관앞),주말,1505480.0,16-17시간대,115566.0,0.076764,75274.000000,33463.288429,0.555447
금호,전체,5544800.0,08-09시간대,560565.0,0.101097,277240.000000,132212.401037,0.523112
금호,평일,4393831.0,08-09시간대,502917.0,0.114460,219691.550000,117360.309156,0.465795
금호,주말,1150969.0,17-18시간대,88757.0,0.077115,57548.450000,26362.900989,0.541901
길동,전체,6392363.0,08-09시간대,602197.0,0.094206,319618.150000,148454.338704,0.535526
길동,평일,5041354.0,08-09시간대,535208.0,0.106164,252067.700000,127500.970730,0.494180
길동,주말,1351009.0,16-17시간대,103628.0,0.076704,67550.450000,30792.136919,0.544161
길음,전체,15112517.0,08-09시간대,1455422.0,0.096306,755625.850000,353303.942380,0.532435
길음,평일,12111629.0,08-09시간대,1310880.0,0.108233,605581.450000,319491.364066,0.472422
길음,주말,3000888.0,16-17시간대,232199.0,0.077377,150044.400000,69287.046259,0.538223
김포공항,전체,7566322.0,18-19시간대,658815.0,0.087072,378316.100000,185658.126755,0.509251
김포공항,평일,5616817.0,08-09시간대,535673.0,0.095369,280840.850000,143993.565752,0.487277
김포공항,주말,1949505.0,15-16시간대,177621.0,0.091111,97475.250000,56583.078271,0.419513
까치산,전체,19060442.0,08-09시간대,1997564.0,0.104802,953022.100000,457158.938079,0.520306
까치산,평일,15087417.0,08-09시간대,1790709.0,0.118689,754370.850000,421575.980648,0.441156
까치산,주말,3973025.0,17-18시간대,285522.0,0.071865,198651.250000,77305.697044,0.610847
낙성대(강감찬),전체,19340741.0,08-09시간대,1979088.0,0.102327,967037.050000,461811.306328,0.522447
낙성대(강감찬),평일,15139968.0,08-09시간대,1799446.0,0.118854,756998.400000,420719.455798,0.444227
낙성대(강감찬),주말,4200773.0,16-17시간대,309950.0,0.073784,210038.650000,93658.778059,0.554088
남구로,전체,10400312.0,08-09시간대,1499607.0,0.144189,520015.600000,353164.366382,0.320858
남구로,평일,8694053.0,08-09시간대,1398888.0,0.160902,434702.650000,335972.038931,0.227122
남구로,주말,1706259.0,17-18시간대,131794.0,0.077241,85312.950000,34416.188062,0.596589
남부터미널(예술의전당),전체,21769098.0,18-19시간대,2400814.0,0.110285,1088454.900000,652696.420702,0.400346
남부터미널(예술의전당),평일,17232096.0,08-09시간대,2216432.0,0.128622,861604.800000,577760.162211,0.329437
남부터미널(예술의전당),주말,4537002.0,16-17시간대,412644.0,0.090951,226850.100000,132235.713043,0.417079
남성,전체,7745149.0,08-09시간대,826520.0,0.106715,387257.450000,187788.156905,0.515082
남성,평일,6231924.0,08-09시간대,747149.0,0.119891,311596.200000,169288.672088,0.456705
남성,주말,1513225.0,16-17시간대,110587.0,0.073080,75661.250000,33046.097984,0.563236
남위례,전체,5253630.0,08-09시간대,605248.0,0.115206,262681.500000,144310.945534,0.450624
남위례,평일,4268207.0,08-09시간대,563077.0,0.131924,213410.350000,134817.991617,0.368269
남위례,주말,985423.0,16-17시간대,81701.0,0.082910,49271.150000,23653.190604,0.519938
남태령,전체,962578.0,08-09시간대,114336.0,0.118781,48128.900000,28724.295438,0.403180
남태령,평일,769920.0,08-09시간대,100678.0,0.130764,38496.000000,26158.389626,0.320491
남태령,주말,192658.0,12-13시간대,15699.0,0.081486,9632.900000,4935.716695,0.487619
남한산성입구(성남법원.검찰청),전체,8825454.0,08-09시간대,1020535.0,0.115635,441272.700000,225883.329498,0.488109
남한산성입구(성남법원.검찰청),평일,7199188.0,08-09시간대,928083.0,0.128915,359959.400000,209491.366965,0.418014
남한산성입구(성남법원.검찰청),주말,1626266.0,12-13시간대,112656.0,0.069273,81313.300000,32026.526858,0.606134
내방,전체,10043012.0,08-09시간대,1225857.0,0.122061,502150.600000,309217.842120,0.384213
내방,평일,8456013.0,08-09시간대,1150490.0,0.136056,422800.650000,290007.162726,0.314081
내방,주말,1586999.0,16-17시간대,126490.0,0.079704,79349.950000,37108.581391,0.532343
노원,전체,30494535.0,18-19시간대,2819779.0,0.092468,1524726.750000,661245.441191,0.566319
노원,평일,23745032.0,18-19시간대,2334580.0,0.098319,1187251.600000,534879.300089,0.549481
노원,주말,6749503.0,16-17시간대,535539.0,0.079345,337475.150000,161792.280002,0.520580
녹번,전체,10167697.0,08-09시간대,1103856.0,0.108565,508384.850000,263414.336427,0.481860
녹번,평일,8227679.0,08-09시간대,1004770.0,0.122121,411383.950000,246250.990894,0.401408
녹번,주말,1940018.0,16-17시간대,142443.0,0.073424,97000.900000,42444.336730,0.562434
녹사평(용산구청),전체,3964272.0,18-19시간대,421584.0,0.106346,198213.600000,97998.200530,0.505593
녹사평(용산구청),평일,2856886.0,18-19시간대,327265.0,0.114553,142844.300000,76246.249221,0.466228
녹사평(용산구청),주말,1107386.0,17-18시간대,104762.0,0.094603,55369.300000,31417.526607,0.432582
논현,전체,12991396.0,18-19시간대,1589627.0,0.122360,649569.800000,399203.837638,0.385434
논현,평일,10939956.0,18-19시간대,1445875.0,0.132165,546997.800000,373667.760560,0.316875
논현,주말,2051440.0,16-17시간대,169042.0,0.082402,102572.000000,48212.539175,0.529964
단대오거리,전체,8277341.0,08-09시간대,889439.0,0.107455,413867.050000,212140.386555,0.487419
단대오거리,평일,6689835.0,08-09시간대,807219.0,0.120664,334491.750000,198154.302308,0.407596
단대오거리,주말,1587506.0,17-18시간대,112929.0,0.071136,79375.300000,31931.234151,0.597718
답십리,전체,11022498.0,08-09시간대,1377069.0,0.124933,551124.900000,316285.326431,0.426110
답십리,평일,8963332.0,08-09시간대,1271306.0,0.141834,448166.600000,298352.646999,0.334282
답십리,주말,2059166.0,16-17시간대,161904.0,0.078626,102958.300000,44972.026743,0.563202
당산,전체,13887639.0,08-09시간대,1594801.0,0.114836,694381.950000,382423.007927,0.449261
당산,평일,11266578.0,08-09시간대,1492312.0,0.132455,563328.900000,361581.715841,0.358134
당산,주말,2621061.0,16-17시간대,206195.0,0.078669,131053.050000,56721.359968,0.567188
대림(구로구청),전체,24162839.0,08-09시간대,2246085.0,0.092956,1208141.950000,497493.231802,0.588216
대림(구로구청),평일,18339343.0,08-09시간대,1957038.0,0.106713,916967.150000,415708.619079,0.546648
대림(구로구청),주말,5823496.0,16-17시간대,433310.0,0.074407,291174.800000,126859.375161,0.564319
대청,전체,7290821.0,08-09시간대,787854.0,0.108061,364541.050000,190447.576526,0.477569
대청,평일,6023745.0,08-09시간대,728066.0,0.120866,301187.250000,176648.280316,0.413493
대청,주말,1267076.0,13-14시간대,95924.0,0.075705,63353.800000,29035.432328,0.541694
대치,전체,8808591.0,17-18시간대,823141.0,0.093448,440429.550000,211029.455850,0.520855
대치,평일,6969162.0,18-19시간대,647761.0,0.092947,348458.100000,176446.670602,0.493636
대치,주말,1839429.0,17-18시간대,200700.0,0.109110,91971.450000,51366.877123,0.441491
대흥(서강대앞),전체,6897865.0,18-19시간대,671210.0,0.097307,344893.250000,172792.532549,0.498997
대흥(서강대앞),평일,5618496.0,08-09시간대,620567.0,0.110451,280924.800000,153151.900466,0.454830
대흥(서강대앞),주말,1279369.0,17-18시간대,106181.0,0.082995,63968.450000,31594.771654,0.506088
도곡,전체,4217797.0,08-09시간대,446207.0,0.105791,210889.850000,112525.029392,0.466427
도곡,평일,3493882.0,08-09시간대,409109.0,0.117093,174694.100000,102932.438420,0.410785
도곡,주말,723915.0,13-14시간대,58907.0,0.081373,36195.750000,17662.083591,0.512040
도림천,전체,978166.0,08-09시간대,113750.0,0.116289,48908.300000,26863.214696,0.450743
도림천,평일,789275.0,08-09시간대,100404.0,0.127210,39463.750000,24031.848039,0.391040
도림천,주말,188891.0,14-15시간대,15112.0,0.080004,9444.550000,4638.204766,0.508901
도봉산,전체,6903863.0,07-08시간대,699101.0,0.101262,345193.150000,162216.445103,0.530070
도봉산,평일,5397836.0,07-08시간대,647900.0,0.120030,269891.800000,150283.062549,0.443173
도봉산,주말,1506027.0,10-11시간대,122366.0,0.081251,75301.350000,34084.125996,0.547364
독립문,전체,5858610.0,08-09시간대,511101.0,0.087239,292930.500000,138669.382451,0.526613
독립문,평일,4442560.0,08-09시간대,448766.0,0.101015,222128.000000,108849.302006,0.509970
독립문,주말,1416050.0,10-11시간대,125180.0,0.088401,70802.500000,41939.911690,0.407649
독바위,전체,1992310.0,08-09시간대,190665.0,0.095700,99615.500000,46257.158675,0.535643
독바위,평일,1570079.0,07-08시간대,170574.0,0.108640,78503.950000,42552.532430,0.457957
독바위,주말,422231.0,10-11시간대,32139.0,0.076117,21111.550000,8977.946321,0.574738
돌곶이,전체,7594162.0,08-09시간대,820877.0,0.108093,379708.100000,187834.162353,0.505320
돌곶이,평일,6153645.0,08-09시간대,741595.0,0.120513,307682.250000,174314.031742,0.433461
돌곶이,주말,1440517.0,13-14시간대,103883.0,0.072115,72025.850000,29054.493526,0.596610
동대문,전체,22497514.0,17-18시간대,1851796.0,0.082311,1124875.700000,549909.269507,0.511138
동대문,평일,17066480.0,17-18시간대,1451028.0,0.085022,853324.000000,406690.618065,0.523404
동대문,주말,5431034.0,14-15시간대,493589.0,0.090883,271551.700000,161413.195512,0.405589
동대문역사문화공원(DDP),전체,28121734.0,18-19시간대,2749278.0,0.097763,1406086.700000,677808.120692,0.517947
동대문역사문화공원(DDP),평일,21165678.0,18-19시간대,2231870.0,0.105448,1058283.900000,536637.751895,0.492917
동대문역사문화공원(DDP),주말,6956056.0,16-17시간대,592391.0,0.085162,347802.800000,187766.457759,0.460135
동대입구,전체,8438875.0,18-19시간대,808622.0,0.095821,421943.750000,229260.153299,0.456657
동대입구,평일,6392633.0,08-09시간대,712946.0,0.111526,319631.650000,186563.263244,0.416318
동대입구,주말,2046242.0,16-17시간대,170860.0,0.083499,102312.100000,55200.287663,0.460472
동묘앞,전체,14371120.0,13-14시간대,1274769.0,0.088704,718556.000000,405796.487123,0.435261
동묘앞,평일,9701947.0,17-18시간대,763947.0,0.078742,485097.350000,246918.585128,0.490992
동묘앞,주말,4669173.0,14-15시간대,523593.0,0.112138,233458.650000,177343.266671,0.240365
동작(현충원),전체,1696551.0,17-18시간대,165134.0,0.097335,84827.550000,40934.159568,0.517443
동작(현충원),평일,1307087.0,17-18시간대,133530.0,0.102158,65354.350000,33241.170121,0.491370
동작(현충원),주말,389464.0,16-17시간대,36644.0,0.094088,19473.200000,9039.710535,0.535787
둔촌동,전체,8877390.0,18-19시간대,883358.0,0.099506,443869.500000,221194.418744,0.501668
둔촌동,평일,7051693.0,18-19시간대,759653.0,0.107726,352584.650000,196943.041682,0.441430
둔촌동,주말,1825697.0,17-18시간대,146430.0,0.080205,91284.850000,44669.873476,0.510654
디지털미디어시티,전체,10497879.0,08-09시간대,1431897.0,0.136399,524893.950000,341928.224039,0.348577
디지털미디어시티,평일,8788079.0,08-09시간대,1346633.0,0.153234,439403.950000,330657.091781,0.247487
디지털미디어시티,주말,1709800.0,17-18시간대,130172.0,0.076133,85490.000000,33192.222431,0.611741
뚝섬,전체,18020719.0,18-19시간대,2248537.0,0.124775,901035.950000,567402.220029,0.370278
뚝섬,평일,14393716.0,18-19시간대,1959108.0,0.136109,719685.800000,515704.993611,0.283430
뚝섬,주말,3627003.0,16-17시간대,336883.0,0.092882,181350.150000,110886.975859,0.388548
마곡,전체,9575936.0,08-09시간대,1113702.0,0.116302,478796.800000,282773.703402,0.409408
마곡,평일,7973599.0,08-09시간대,1051815.0,0.131912,398679.950000,263351.278284,0.339442
마곡,주말,1602337.0,16-17시간대,141196.0,0.088119,80116.850000,41789.998934,0.478387
마들,전체,9176493.0,08-09시간대,903383.0,0.098445,458824.650000,215917.002145,0.529413
마들,평일,7409385.0,07-08시간대,802966.0,0.108371,370469.250000,198592.256251,0.463944
마들,주말,1767108.0,12-13시간대,127214.0,0.071990,88355.400000,36829.856069,0.583162
마장,전체,4068689.0,08-09시간대,420243.0,0.103287,203434.450000,97924.870010,0.518642
마장,평일,3263056.0,08-09시간대,381149.0,0.116807,163152.800000,86942.757304,0.467108
마장,주말,805633.0,17-18시간대,61885.0,0.076815,40281.650000,18410.488487,0.542956
마천,전체,4832056.0,07-08시간대,544679.0,0.112722,241602.800000,127170.345111,0.473639
마천,평일,3882311.0,07-08시간대,509557.0,0.131251,194115.550000,120047.624582,0.381566
마천,주말,949745.0,09-10시간대,68914.0,0.072561,47487.250000,19755.626429,0.583980
마포,전체,10158463.0,08-09시간대,1298081.0,0.127783,507923.150000,320174.647007,0.369640
마포,평일,8490963.0,08-09시간대,1224881.0,0.144257,424548.150000,301981.278943,0.288700
마포,주말,1667500.0,17-18시간대,135632.0,0.081339,83375.000000,39287.260519,0.528788
마포구청,전체,9900404.0,08-09시간대,1101031.0,0.111211,495020.200000,250326.817841,0.494310
마포구청,평일,7930562.0,08-09시간대,1008617.0,0.127181,396528.100000,229099.588409,0.422236
마포구청,주말,1969842.0,16-17시간대,146984.0,0.074617,98492.100000,42360.777631,0.569907
망원,전체,12134310.0,18-19시간대,1147999.0,0.094608,606715.500000,292586.488384,0.517753
망원,평일,8928097.0,18-19시간대,916361.0,0.102638,446404.850000,220903.705970,0.505149
망원,주말,3206213.0,16-17시간대,292785.0,0.091318,160310.650000,95562.293046,0.403893
매봉,전체,8498229.0,08-09시간대,1160347.0,0.136540,424911.450000,281295.714732,0.337990
매봉,평일,7223605.0,08-09시간대,1100676.0,0.152372,361180.250000,266685.877799,0.261627
매봉,주말,1274624.0,16-17시간대,99908.0,0.078382,63731.200000,31807.178081,0.500917
먹골,전체,7202199.0,08-09시간대,694983.0,0.096496,360109.950000,165134.512949,0.541433
먹골,평일,5693080.0,08-09시간대,616769.0,0.108337,284654.000000,145247.560184,0.489740
먹골,주말,1509119.0,17-18시간대,113168.0,0.074989,75455.950000,32225.917660,0.572917
면목,전체,10280358.0,08-09시간대,1123824.0,0.109318,514017.900000,246256.647755,0.520918
면목,평일,8261741.0,08-09시간대,1007845.0,0.121989,413087.050000,222749.155875,0.460769
면목,주말,2018617.0,16-17시간대,149533.0,0.074077,100930.850000,39836.148244,0.605312
명동,전체,27477950.0,18-19시간대,2675197.0,0.097358,1373897.500000,693190.681591,0.495457
명동,평일,20013062.0,18-19시간대,2104248.0,0.105144,1000653.100000,515452.525009,0.484884
명동,주말,7464888.0,16-17시간대,656178.0,0.087902,373244.400000,211700.061416,0.432811
명일,전체,5866001.0,18-19시간대,545205.0,0.092943,293300.050000,132265.011976,0.549045
명일,평일,4619886.0,18-19시간대,464220.0,0.100483,230994.300000,117083.864125,0.493131
명일,주말,1246115.0,10-11시간대,99076.0,0.079508,62305.750000,28037.547175,0.550001
모란,전체,3422412.0,08-09시간대,279568.0,0.081687,171120.600000,79257.895237,0.536830
모란,평일,2598257.0,08-09시간대,250211.0,0.096300,129912.850000,62749.720521,0.516986
모란,주말,824155.0,13-14시간대,71741.0,0.087048,41207.750000,22048.002968,0.464955
목동,전체,12008273.0,18-19시간대,1313901.0,0.109416,600413.650000,307182.558328,0.488382
목동,평일,9777248.0,18-19시간대,1161596.0,0.118806,488862.400000,281917.749880,0.423319
목동,주말,2231025.0,17-18시간대,176370.0,0.079053,111551.250000,49254.223483,0.558461
몽촌토성(평화의문),전체,5354871.0,08-09시간대,610234.0,0.113959,267743.550000,141759.016093,0.470542
몽촌토성(평화의문),평일,4207786.0,08-09시간대,564224.0,0.134090,210389.300000,129088.217982,0.386432
몽촌토성(평화의문),주말,1147085.0,16-17시간대,99099.0,0.086392,57354.250000,27840.238598,0.514592
무악재,전체,2990434.0,08-09시간대,296592.0,0.099180,149521.700000,72204.111656,0.517099
무악재,평일,2387409.0,08-09시간대,268477.0,0.112455,119370.450000,65193.003896,0.453860
무악재,주말,603025.0,16-17시간대,47329.0,0.078486,30151.250000,14585.487499,0.516256
문래,전체,16232783.0,08-09시간대,2218748.0,0.136683,811639.150000,551261.891751,0.320804
문래,평일,13408989.0,08-09시간대,2126338.0,0.158576,670449.450000,530137.505339,0.209280
문래,주말,2823794.0,16-17시간대,243167.0,0.086114,141189.700000,73402.058338,0.480117
문정,전체,15218751.0,08-09시간대,2523890.0,0.165841,760937.550000,612242.618540,0.195410
문정,평일,13328795.0,08-09시간대,2444939.0,0.183433,666439.750000,598709.919886,0.101629
문정,주말,1889956.0,13-14시간대,162262.0,0.085855,94497.800000,49266.300564,0.478651
미사,전체,12899095.0,18-19시간대,1216585.0,0.094316,644954.750000,299802.488931,0.535157
미사,평일,10115925.0,18-19시간대,1028467.0,0.101668,505796.250000,267683.137044,0.470769
미사,주말,2783170.0,17-18시간대,218493.0,0.078505,139158.500000,63174.175477,0.546027
미아(서울사이버대학),전체,11077647.0,08-09시간대,1076367.0,0.097166,553882.350000,250459.945953,0.547810
미아(서울사이버대학),평일,8808094.0,08-09시간대,951920.0,0.108073,440404.700000,218399.876242,0.504093
미아(서울사이버대학),주말,2269553.0,12-13시간대,166427.0,0.073330,113477.650000,49324.340056,0.565339
미아사거리,전체,18390753.0,18-19시간대,1669241.0,0.090765,919537.650000,411694.641966,0.552281
미아사거리,평일,14311779.0,18-19시간대,1395119.0,0.097480,715588.950000,349899.622113,0.511033
미아사거리,주말,4078974.0,16-17시간대,321041.0,0.078706,203948.700000,95198.021155,0.533226
반포,전체,4624961.0,08-09시간대,385488.0,0.083349,231248.050000,107185.559539,0.536491
반포,평일,3659263.0,08-09시간대,335567.0,0.091703,182963.150000,89339.128802,0.511710
반포,주말,965698.0,16-17시간대,82300.0,0.085223,48284.900000,22810.758284,0.527580
발산,전체,16404007.0,08-09시간대,1852482.0,0.112929,820200.350000,469312.967265,0.427807
발산,평일,13296307.0,08-09시간대,1742356.0,0.131041,664815.350000,429725.843378,0.353616
발산,주말,3107700.0,16-17시간대,263330.0,0.084735,155385.000000,82380.616609,0.469829
방배,전체,11905977.0,08-09시간대,1239079.0,0.104072,595298.850000,314823.060471,0.471151
방배,평일,9984018.0,08-09시간대,1154683.0,0.115653,499200.900000,284624.010266,0.429841
방배,주말,1921959.0,17-18시간대,150041.0,0.078067,96097.950000,46920.715341,0.511741
방이,전체,5376344.0,18-19시간대,512377.0,0.095302,268817.200000,129257.140397,0.519163
방이,평일,4222329.0,08-09시간대,458309.0,0.108544,211116.450000,113852.433521,0.460713
방이,주말,1154015.0,13-14시간대,94850.0,0.082191,57700.750000,28489.933390,0.506247
방화,전체,4899239.0,08-09시간대,473467.0,0.096641,244961.950000,109812.792059,0.551715
방화,평일,3909479.0,08-09시간대,423488.0,0.108323,195473.950000,98493.435735,0.496130
방화,주말,989760.0,16-17시간대,73946.0,0.074711,49488.000000,21218.695122,0.571236
버티고개,전체,1617641.0,18-19시간대,167414.0,0.103493,80882.050000,40721.837539,0.496528
버티고개,평일,1274246.0,08-09시간대,147483.0,0.115741,63712.300000,36071.758349,0.433834
버티고개,주말,343395.0,17-18시간대,30843.0,0.089818,17169.750000,8207.906626,0.521955
보라매,전체,4866705.0,08-09시간대,534793.0,0.109888,243335.250000,123200.446480,0.493701
보라매,평일,3829581.0,08-09시간대,485000.0,0.126646,191479.050000,111619.860627,0.417065
보라매,주말,1037124.0,16-17시간대,82306.0,0.079360,51856.200000,24644.648773,0.524750
보문,전체,5627219.0,08-09시간대,640985.0,0.113908,281360.950000,138714.826908,0.506986
보문,평일,4469724.0,08-09시간대,586544.0,0.131226,223486.200000,128870.758499,0.423361
보문,주말,1157495.0,13-14시간대,84647.0,0.073129,57874.750000,23059.455128,0.601563
복정,전체,6322397.0,08-09시간대,668486.0,0.105733,316119.850000,171111.424567,0.458713
복정,평일,5099478.0,08-09시간대,598410.0,0.117347,254973.900000,157445.334589,0.382504
복정,주말,1222919.0,12-13시간대,95434.0,0.078038,61145.950000,26816.177482,0.561440
봉천,전체,16760404.0,08-09시간대,1798132.0,0.107285,838020.200000,401191.422353,0.521263
봉천,평일,13318667.0,08-09시간대,1631427.0,0.122492,665933.350000,365382.978674,0.451322
봉천,주말,3441737.0,17-18시간대,252200.0,0.073277,172086.850000,73805.739429,0.571113
봉화산(서울의료원),전체,5904423.0,08-09시간대,611796.0,0.103617,295221.150000,147808.335494,0.499330
봉화산(서울의료원),평일,4814860.0,07-08시간대,568742.0,0.118122,240743.000000,138906.063963,0.423011
봉화산(서울의료원),주말,1089563.0,16-17시간대,82894.0,0.076080,54478.150000,22419.139478,0.588475
불광,전체,15662923.0,18-19시간대,1396020.0,0.089129,783146.150000,360442.123520,0.539751
불광,평일,12108362.0,08-09시간대,1226941.0,0.101330,605418.100000,300210.449778,0.504127
불광,주말,3554561.0,16-17시간대,296165.0,0.083320,177728.050000,89992.790598,0.493649
불암산,전체,6575974.0,07-08시간대,628452.0,0.095568,328798.700000,138499.709892,0.578771
불암산,평일,5071184.0,07-08시간대,577039.0,0.113788,253559.200000,122335.731359,0.517526
불암산,주말,1504790.0,09-10시간대,117115.0,0.077828,75239.500000,32434.961966,0.568910
사가정,전체,11325785.0,08-09시간대,1125878.0,0.099408,566289.250000,266011.660407,0.530255
사가정,평일,8978076.0,08-09시간대,998655.0,0.111233,448903.800000,236799.785227,0.472493
사가정,주말,2347709.0,16-17시간대,173427.0,0.073871,117385.450000,48591.425194,0.586052
사당,전체,49465006.0,18-19시간대,5241265.0,0.105959,2473250.300000,1115561.518425,0.548949
사당,평일,37645495.0,18-19시간대,4387388.0,0.116545,1882274.750000,950917.325758,0.494804
사당,주말,11819511.0,17-18시간대,968733.0,0.081960,590975.550000,272107.743027,0.539562
산성,전체,4411783.0,08-09시간대,466616.0,0.105766,220589.150000,108918.281633,0.506239
산성,평일,3521700.0,08-09시간대,418897.0,0.118947,176085.000000,101987.604543,0.420805
산성,주말,890083.0,16-17시간대,65448.0,0.073530,44504.150000,19201.381274,0.568549
삼각지(전쟁기념관),전체,10733265.0,18-19시간대,1233710.0,0.114943,536663.250000,276750.912270,0.484312
삼각지(전쟁기념관),평일,7922927.0,18-19시간대,1017573.0,0.128434,396146.350000,230234.952160,0.418813
삼각지(전쟁기념관),주말,2810338.0,17-18시간대,269444.0,0.095876,140516.900000,82221.478709,0.414864
삼성(무역센터),전체,37957400.0,18-19시간대,4264570.0,0.112351,1897870.000000,1167704.883727,0.384729
삼성(무역센터),평일,31014986.0,08-09시간대,3828072.0,0.123427,1550749.300000,1063658.154765,0.314101
삼성(무역센터),주말,6942414.0,16-17시간대,666916.0,0.096064,347120.700000,207821.506662,0.401299
상계,전체,13433028.0,07-08시간대,1218279.0,0.090693,671651.400000,286386.437466,0.573609
상계,평일,10604918.0,07-08시간대,1129419.0,0.106500,530245.900000,256989.675855,0.515339
상계,주말,2828110.0,17-18시간대,209044.0,0.073917,141405.500000,60803.529567,0.570006
상도,전체,8498717.0,08-09시간대,818499.0,0.096309,424935.850000,194150.869622,0.543105
상도,평일,6872446.0,08-09시간대,735201.0,0.106978,343622.300000,172626.651330,0.497627
상도,주말,1626271.0,16-17시간대,122373.0,0.075248,81313.550000,35701.749386,0.560937
상봉,전체,12278396.0,08-09시간대,1215614.0,0.099004,613919.800000,288359.462537,0.530298
상봉,평일,9577433.0,08-09시간대,1093489.0,0.114173,478871.650000,257432.989744,0.462418
상봉,주말,2700963.0,17-18시간대,211422.0,0.078277,135048.150000,57668.101355,0.572981
상수,전체,8047564.0,18-19시간대,799123.0,0.099300,402378.200000,175541.722339,0.563739
상수,평일,5906716.0,18-19시간대,626880.0,0.106130,295335.800000,134730.441756,0.543806
상수,주말,2140848.0,17-18시간대,180340.0,0.084238,107042.400000,52937.482689,0.505453
상왕십리,전체,10028162.0,08-09시간대,1136944.0,0.113375,501408.100000,261876.081401,0.477719
상왕십리,평일,8045066.0,08-09시간대,1048556.0,0.130335,402253.300000,240312.412911,0.402584
상왕십리,주말,1983096.0,16-17시간대,152909.0,0.077106,99154.800000,46168.628973,0.534378
상월곡(한국과학기술연구원),전체,4485696.0,08-09시간대,504532.0,0.112476,224284.800000,106313.063655,0.525991
상월곡(한국과학기술연구원),평일,3641444.0,08-09시간대,456954.0,0.125487,182072.200000,96886.003266,0.467870
상월곡(한국과학기술연구원),주말,844252.0,13-14시간대,62081.0,0.073534,42212.600000,17089.680721,0.595152
상일동,전체,9984203.0,07-08시간대,1026058.0,0.102768,499210.150000,247385.288369,0.504447
상일동,평일,8179371.0,07-08시간대,967023.0,0.118227,408968.550000,235327.980287,0.424582
상일동,주말,1804832.0,17-18시간대,137051.0,0.075936,90241.600000,37025.329216,0.589709
새절(신사),전체,8611799.0,08-09시간대,906718.0,0.105288,430589.950000,206439.851911,0.520565
새절(신사),평일,6919083.0,08-09시간대,818399.0,0.118281,345954.150000,190703.870798,0.448760
새절(신사),주말,1692716.0,16-17시간대,129614.0,0.076572,84635.800000,34395.634584,0.593604
서대문,전체,13267153.0,08-09시간대,2286141.0,0.172316,663357.650000,535053.002267,0.193417
서대문,평일,11645934.0,08-09시간대,2205518.0,0.189381,582296.700000,520730.671638,0.105730
서대문,주말,1621219.0,16-17시간대,136473.0,0.084179,81060.950000,42099.598583,0.480643
서울대입구(관악구청),전체,32334010.0,18-19시간대,3114444.0,0.096321,1616700.500000,710576.283482,0.560477
서울대입구(관악구청),평일,25463689.0,08-09시간대,2649148.0,0.104036,1273184.450000,635298.816285,0.501016
서울대입구(관악구청),주말,6870321.0,17-18시간대,525249.0,0.076452,343516.050000,144720.061534,0.578709
서울역,전체,63640266.0,18-19시간대,6436040.0,0.101132,3182013.300000,1656881.619079,0.479298
서울역,평일,48215873.0,08-09시간대,5474410.0,0.113540,2410793.650000,1418280.868427,0.411695
서울역,주말,15424393.0,17-18시간대,1244402.0,0.080678,771219.650000,379657.031303,0.507719
서초,전체,15023768.0,08-09시간대,1714132.0,0.114095,751188.400000,439432.855548,0.415016
서초,평일,12051959.0,08-09시간대,1587258.0,0.131701,602597.950000,396305.494536,0.342338
서초,주말,2971809.0,11-12시간대,302653.0,0.101841,148590.450000,83362.118518,0.438981
석계,전체,8883945.0,18-19시간대,822648.0,0.092599,444197.250000,195481.555585,0.559922
석계,평일,7087232.0,08-09시간대,730476.0,0.103069,354361.600000,177168.258268,0.500035
석계,주말,1796713.0,17-18시간대,133942.0,0.074548,89835.650000,35438.317198,0.605521
석촌,전체,6753573.0,18-19시간대,671704.0,0.099459,337678.650000,162362.798623,0.519180
석촌,평일,5230294.0,18-19시간대,563081.0,0.107658,261514.700000,135906.355965,0.480311
석촌,주말,1523279.0,17-18시간대,125324.0,0.082273,76163.950000,39327.341440,0.483649
선릉,전체,35812319.0,18-19시간대,4199090.0,0.117253,1790615.950000,1087980.424942,0.392399
선릉,평일,31218674.0,18-19시간대,3883900.0,0.124410,1560933.700000,1026445.640548,0.342416
선릉,주말,4593645.0,13-14시간대,375169.0,0.081671,229682.250000,117083.639565,0.490236
성수,전체,37408248.0,18-19시간대,4462145.0,0.119282,1870412.400000,1106311.981137,0.408520
성수,평일,28535281.0,18-19시간대,3741272.0,0.131110,1426764.050000,925386.744345,0.351409
성수,주말,8872967.0,16-17시간대,888141.0,0.100095,443648.350000,296629.411030,0.331386
성신여대입구(돈암),전체,15869051.0,18-19시간대,1454333.0,0.091646,793452.550000,340849.628242,0.570422
성신여대입구(돈암),평일,12258939.0,18-19시간대,1192370.0,0.097265,612946.950000,275585.323910,0.550393
성신여대입구(돈암),주말,3610112.0,17-18시간대,294089.0,0.081463,180505.600000,87267.760514,0.516537
송정,전체,4424272.0,08-09시간대,401280.0,0.090700,221213.600000,94102.963271,0.574606
송정,평일,3451970.0,08-09시간대,351939.0,0.101953,172598.500000,81067.961614,0.530309
송정,주말,972302.0,16-17시간대,71617.0,0.073657,48615.100000,20301.085239,0.582412
송파,전체,6794346.0,08-09시간대,681001.0,0.100231,339717.300000,170493.031218,0.498133
송파,평일,5490583.0,08-09시간대,618491.0,0.112646,274529.150000,152263.113982,0.445366
송파,주말,1303763.0,16-17시간대,105250.0,0.080728,65188.150000,32621.213876,0.499584
수락산,전체,8924445.0,08-09시간대,756520.0,0.084769,446222.250000,188365.475774,0.577866
수락산,평일,6908691.0,08-09시간대,652181.0,0.094400,345434.550000,160637.240944,0.534971
수락산,주말,2015754.0,16-17시간대,150589.0,0.074706,100787.700000,45978.768134,0.543806
수서,전체,13474038.0,18-19시간대,1287495.0,0.095554,673701.900000,329650.039903,0.510689
수서,평일,10500862.0,08-09시간대,1115982.0,0.106275,525043.100000,282442.423315,0.462059
수서,주말,2973176.0,12-13시간대,228426.0,0.076829,148658.800000,71224.184616,0.520888
수유(강북구청),전체,24268190.0,18-19시간대,2246841.0,0.092584,1213409.500000,518536.771501,0.572661
수유(강북구청),평일,18918523.0,18-19시간대,1875153.0,0.099117,945926.150000,447522.291787,0.526895
수유(강북구청),주말,5349667.0,16-17시간대,395494.0,0.073929,267483.350000,109562.987018,0.590393
수진,전체,3841050.0,08-09시간대,413195.0,0.107573,192052.500000,89298.948741,0.535028
수진,평일,2982267.0,08-09시간대,366368.0,0.122849,149113.350000,77819.337144,0.478120
수진,주말,858783.0,13-14시간대,67230.0,0.078285,42939.150000,19884.313021,0.536919
숙대입구(갈월),전체,10805718.0,18-19시간대,1120998.0,0.103741,540285.900000,268407.275747,0.503213
숙대입구(갈월),평일,8436460.0,18-19시간대,949423.0,0.112538,421823.000000,229499.135789,0.455935
숙대입구(갈월),주말,2369258.0,16-17시간대,194806.0,0.082222,118462.900000,60168.529714,0.492090
숭실대입구(살피재),전체,9733893.0,08-09시간대,914957.0,0.093997,486694.650000,219779.226614,0.548425
숭실대입구(살피재),평일,7984057.0,08-09시간대,826921.0,0.103572,399202.850000,193146.103692,0.516171
숭실대입구(살피재),주말,1749836.0,16-17시간대,134415.0,0.076816,87491.800000,38491.631850,0.560054
시청,전체,36625965.0,08-09시간대,5368588.0,0.146579,1831298.250000,1309299.657622,0.285043
시청,평일,30314712.0,08-09시간대,5177642.0,0.170796,1515735.600000,1251901.368085,0.174063
시청,주말,6311253.0,16-17시간대,612635.0,0.097070,315562.650000,193523.248912,0.386736
신금호,전체,4543032.0,08-09시간대,491661.0,0.108223,227151.600000,117487.546387,0.482779
신금호,평일,3681929.0,08-09시간대,448284.0,0.121752,184096.450000,107270.130965,0.417316
신금호,주말,861103.0,17-18시간대,67385.0,0.078254,43055.150000,19727.063003,0.541819
신길,전체,3588265.0,08-09시간대,482307.0,0.134412,179413.250000,112624.608002,0.372261
신길,평일,2867234.0,08-09시간대,450491.0,0.157117,143361.700000,108262.763383,0.244828
신길,주말,721031.0,17-18시간대,53127.0,0.073682,36051.550000,15028.934445,0.583127
신답,전체,1231192.0,08-09시간대,151065.0,0.122698,61559.600000,36445.108752,0.407970
신답,평일,1004921.0,08-09시간대,141497.0,0.140804,50246.050000,34811.569659,0.307178
신답,주말,226271.0,16-17시간대,18383.0,0.081243,11313.550000,4950.241615,0.562450
신당,전체,16939719.0,18-19시간대,1667030.0,0.098410,846985.950000,387911.401587,0.542010
신당,평일,13164107.0,08-09시간대,1395460.0,0.106005,658205.350000,331062.889447,0.497022
신당,주말,3775612.0,17-18시간대,316565.0,0.083845,188780.600000,91879.341992,0.513301
신대방,전체,17494314.0,08-09시간대,1837260.0,0.105020,874715.700000,387817.843015,0.556636
신대방,평일,13604569.0,08-09시간대,1624280.0,0.119392,680228.450000,351169.144869,0.483748
신대방,주말,3889745.0,17-18시간대,273502.0,0.070314,194487.250000,74338.885931,0.617770
신대방삼거리,전체,10325032.0,08-09시간대,1106770.0,0.107193,516251.600000,251250.702692,0.513317
신대방삼거리,평일,8271132.0,08-09시간대,998343.0,0.120702,413556.600000,227977.897645,0.448738
신대방삼거리,주말,2053900.0,16-17시간대,150420.0,0.073236,102695.000000,43546.633290,0.575962
신도림,전체,35038252.0,18-19시간대,3507251.0,0.100098,1751912.600000,765761.279531,0.562900
신도림,평일,26734886.0,18-19시간대,2947168.0,0.110237,1336744.300000,681765.626265,0.489981
신도림,주말,8303366.0,16-17시간대,689336.0,0.083019,415168.300000,201401.411645,0.514892
신림,전체,38811319.0,08-09시간대,3727533.0,0.096042,1940565.950000,861297.452056,0.556162
신림,평일,29983016.0,08-09시간대,3330974.0,0.111095,1499150.800000,772881.965092,0.484453
신림,주말,8828303.0,17-18시간대,646081.0,0.073183,441415.150000,175917.114952,0.601470
신사,전체,19359769.0,18-19시간대,2189232.0,0.113082,967988.450000,542554.452840,0.439503
신사,평일,15491541.0,18-19시간대,1926681.0,0.124370,774577.050000,477145.583800,0.383992
신사,주말,3868228.0,16-17시간대,346236.0,0.089508,193411.400000,106145.370252,0.451194
신설동,전체,12739315.0,08-09시간대,1300174.0,0.102060,636965.750000,327683.113094,0.485556
신설동,평일,9807637.0,08-09시간대,1187206.0,0.121049,490381.850000,284170.038374,0.420513
신설동,주말,2931678.0,13-14시간대,245544.0,0.083755,146583.900000,77795.965256,0.469273
신용산,전체,15668106.0,18-19시간대,1884041.0,0.120247,783405.300000,456295.747180,0.417548
신용산,평일,12054205.0,18-19시간대,1607636.0,0.133367,602710.250000,391462.668061,0.350496
신용산,주말,3613901.0,16-17시간대,350403.0,0.096960,180695.050000,109071.946244,0.396376
신정(은행정),전체,8599513.0,08-09시간대,1054374.0,0.122609,429975.650000,230930.157176,0.462923
신정(은행정),평일,6931221.0,08-09시간대,958901.0,0.138345,346561.050000,218366.268350,0.369905
신정(은행정),주말,1668292.0,17-18시간대,117944.0,0.070697,83414.600000,31903.169354,0.617535
신정네거리,전체,7282605.0,18-19시간대,720785.0,0.098974,364130.250000,176604.381830,0.514997
신정네거리,평일,5834430.0,18-19시간대,625034.0,0.107129,291721.500000,162388.240884,0.443345
신정네거리,주말,1448175.0,16-17시간대,108558.0,0.074962,72408.750000,30920.777039,0.572969
신촌,전체,27592614.0,18-19시간대,2592247.0,0.093947,1379630.700000,636302.825355,0.538788
신촌,평일,20932444.0,18-19시간대,2096970.0,0.100178,1046622.200000,490986.163802,0.530885
신촌,주말,6660170.0,17-18시간대,551507.0,0.082807,333008.500000,176282.216559,0.470637
신풍,전체,8175947.0,08-09시간대,869304.0,0.106325,408797.350000,197385.034305,0.517157
신풍,평일,6494268.0,08-09시간대,772791.0,0.118996,324713.400000,179204.531320,0.448115
신풍,주말,1681679.0,16-17시간대,122753.0,0.072994,84083.950000,35513.778889,0.577639
신흥,전체,3817251.0,08-09시간대,348144.0,0.091203,190862.550000,87666.589844,0.540682
신흥,평일,2977929.0,08-09시간대,310360.0,0.104220,148896.450000,76014.333907,0.489482
신흥,주말,839322.0,16-17시간대,70163.0,0.083595,41966.100000,19718.274159,0.530138
쌍문,전체,19844863.0,08-09시간대,1832875.0,0.092360,992243.150000,427007.056040,0.569655
쌍문,평일,15685436.0,08-09시간대,1603643.0,0.102238,784271.800000,384973.280868,0.509133
쌍문,주말,4159427.0,16-17시간대,290842.0,0.069924,207971.350000,81892.025002,0.606234
아차산(어린이대공원후문),전체,10613236.0,08-09시간대,1039699.0,0.097962,530661.800000,253916.773332,0.521509
아차산(어린이대공원후문),평일,8066460.0,08-09시간대,930919.0,0.115406,403323.000000,217206.187554,0.461458
아차산(어린이대공원후문),주말,2546776.0,16-17시간대,209470.0,0.082249,127338.800000,64304.185741,0.495015
아현,전체,7524745.0,08-09시간대,756595.0,0.100548,376237.250000,178851.077540,0.524632
아현,평일,5963983.0,08-09시간대,684288.0,0.114737,298199.150000,157390.956215,0.472195
아현,주말,1560762.0,16-17시간대,122521.0,0.078501,78038.100000,37124.732042,0.524274
안국,전체,20120107.0,17-18시간대,1965392.0,0.097683,1006005.350000,589370.497722,0.414148
안국,평일,15273982.0,18-19시간대,1553534.0,0.101711,763699.100000,462496.161657,0.394400
안국,주말,4846125.0,16-17시간대,490472.0,0.101209,242306.250000,170923.354610,0.294598
안암(고대병원앞),전체,9267889.0,17-18시간대,822107.0,0.088705,463394.450000,213483.468384,0.539305
안암(고대병원앞),평일,7678024.0,17-18시간대,694870.0,0.090501,383901.200000,188758.204129,0.508316
안암(고대병원앞),주말,1589865.0,17-18시간대,127237.0,0.080030,79493.250000,36862.871582,0.536277
암사,전체,11037944.0,08-09시간대,1186340.0,0.107478,551897.200000,273570.333362,0.504309
암사,평일,8815288.0,08-09시간대,1068869.0,0.121252,440764.400000,251306.485562,0.429839
암사,주말,2222656.0,17-18시간대,167188.0,0.075220,111132.800000,47763.857385,0.570209
암사역사공원,전체,4304159.0,08-09시간대,480016.0,0.111524,215207.950000,116960.975734,0.456521
암사역사공원,평일,3490714.0,08-09시간대,441895.0,0.126592,174535.700000,110196.914458,0.368628
암사역사공원,주말,813445.0,16-17시간대,66162.0,0.081336,40672.250000,19442.877976,0.521962
압구정,전체,22236047.0,18-19시간대,2254234.0,0.101377,1111802.350000,621030.870019,0.441420
압구정,평일,17682122.0,18-19시간대,1961146.0,0.110911,884106.100000,527393.383632,0.403473
압구정,주말,4553925.0,16-17시간대,373560.0,0.082030,227696.250000,127057.082076,0.441989
애오개,전체,4538940.0,08-09시간대,526283.0,0.115948,226947.000000,122577.857826,0.459883
애오개,평일,3704298.0,08-09시간대,489018.0,0.132014,185214.900000,113716.150475,0.386031
애오개,주말,834642.0,16-17시간대,68224.0,0.081740,41732.100000,19328.397083,0.536846
약수,전체,11563709.0,18-19시간대,1155075.0,0.099888,578185.450000,279655.553497,0.516322
약수,평일,9148051.0,08-09시간대,995149.0,0.108783,457402.550000,243869.475726,0.466838
약수,주말,2415658.0,17-18시간대,188967.0,0.078226,120782.900000,56353.191630,0.533434
양재(서초구청),전체,26081149.0,08-09시간대,3263616.0,0.125133,1304057.450000,844328.006897,0.352538
양재(서초구청),평일,21933359.0,08-09시간대,3083013.0,0.140563,1096667.950000,799165.409916,0.271279
양재(서초구청),주말,4147790.0,13-14시간대,337334.0,0.081329,207389.500000,102463.128760,0.505939
양천구청,전체,4907029.0,08-09시간대,471070.0,0.095999,245351.450000,119825.051157,0.511619
양천구청,평일,3980258.0,08-09시간대,421898.0,0.105998,199012.900000,110892.355022,0.442788
양천구청,주말,926771.0,17-18시간대,70300.0,0.075855,46338.550000,19932.933812,0.569841
양평,전체,5504634.0,08-09시간대,888246.0,0.161363,275231.700000,207505.949200,0.246068
양평,평일,4683191.0,08-09시간대,848382.0,0.181155,234159.550000,202648.133723,0.134572
양평,주말,821443.0,16-17시간대,62648.0,0.076266,41072.150000,17768.079106,0.567393
어린이대공원(세종대),전체,11758679.0,08-09시간대,1199491.0,0.102009,587933.950000,298229.046275,0.492751
어린이대공원(세종대),평일,9445004.0,08-09시간대,1104978.0,0.116991,472250.200000,258711.494921,0.452173
어린이대공원(세종대),주말,2313675.0,16-17시간대,200494.0,0.086656,115683.750000,59419.383098,0.486364
여의나루,전체,10184528.0,18-19시간대,1232398.0,0.121007,509226.400000,316458.983598,0.378550
여의나루,평일,7503753.0,18-19시간대,1003375.0,0.133716,375187.650000,270872.940867,0.278033
여의나루,주말,2680775.0,17-18시간대,255519.0,0.095315,134038.750000,81557.381369,0.391539
여의도,전체,19963990.0,08-09시간대,2779640.0,0.139233,998199.500000,766159.765349,0.232458
여의도,평일,17125694.0,08-09시간대,2691343.0,0.157152,856284.700000,741887.393750,0.133597
여의도,주말,2838296.0,16-17시간대,258535.0,0.091088,141914.800000,81472.129540,0.425908
역삼,전체,34889311.0,08-09시간대,4615478.0,0.132289,1744465.550000,1250359.554566,0.283242
역삼,평일,31250626.0,08-09시간대,4468178.0,0.142979,1562531.300000,1214612.089079,0.222664
역삼,주말,3638685.0,13-14시간대,298386.0,0.082004,181934.250000,93627.689795,0.485376
역촌,전체,2968743.0,08-09시간대,300919.0,0.101362,148437.150000,69569.708450,0.531319
역촌,평일,2357832.0,08-09시간대,268895.0,0.114043,117891.600000,63372.686385,0.462450
역촌,주말,610911.0,17-18시간대,44547.0,0.072919,30545.550000,12614.051564,0.587041
연신내,전체,25482712.0,18-19시간대,2295937.0,0.090098,1274135.600000,550423.901362,0.568002
연신내,평일,19703100.0,08-09시간대,1980585.0,0.100521,985155.000000,474860.541038,0.517984
연신내,주말,5779612.0,16-17시간대,441283.0,0.076352,288980.600000,127380.228515,0.559208
영등포구청,전체,19390838.0,08-09시간대,2623288.0,0.135285,969541.900000,630949.950879,0.349229
영등포구청,평일,16118813.0,08-09시간대,2496662.0,0.154891,805940.650000,603152.495126,0.251617
영등포구청,주말,3272025.0,17-18시간대,261819.0,0.080017,163601.250000,79904.013315,0.511593
영등포시장,전체,8565587.0,08-09시간대,996807.0,0.116373,428279.350000,252852.573432,0.409608
영등포시장,평일,6711393.0,08-09시간대,931872.0,0.138849,335569.650000,228613.082104,0.318731
영등포시장,주말,1854194.0,13-14시간대,158908.0,0.085702,92709.700000,51905.582985,0.440128
오금,전체,6853893.0,08-09시간대,870150.0,0.126957,342694.650000,200648.836757,0.414497
오금,평일,5652354.0,08-09시간대,802308.0,0.141942,282617.700000,189669.294221,0.328884
오금,주말,1201539.0,17-18시간대,90173.0,0.075048,60076.950000,26315.158680,0.561976
오목교(목동운동장앞),전체,15279654.0,18-19시간대,1632610.0,0.106849,763982.700000,396143.707609,0.481476
오목교(목동운동장앞),평일,12103535.0,18-19시간대,1409852.0,0.116483,605176.750000,344895.320144,0.430092
오목교(목동운동장앞),주말,3176119.0,17-18시간대,269536.0,0.084863,158805.950000,82410.160234,0.481064
옥수,전체,6567210.0,18-19시간대,631521.0,0.096163,328360.500000,154605.445679,0.529159
옥수,평일,5141554.0,18-19시간대,531644.0,0.103401,257077.700000,130525.302019,0.492273
옥수,주말,1425656.0,17-18시간대,119255.0,0.083649,71282.800000,35795.037548,0.497845
온수(성공회대입구),전체,6659365.0,08-09시간대,823036.0,0.123591,332968.250000,184856.197718,0.444823
온수(성공회대입구),평일,5565783.0,08-09시간대,754088.0,0.135486,278289.150000,176450.229276,0.365946
온수(성공회대입구),주말,1093582.0,16-17시간대,74193.0,0.067844,54679.100000,19705.606923,0.639614
올림픽공원(한국체대),전체,3781288.0,08-09시간대,289644.0,0.076599,189064.400000,78667.021400,0.583914
올림픽공원(한국체대),평일,2641007.0,08-09시간대,258004.0,0.097692,132050.350000,61957.974521,0.530800
올림픽공원(한국체대),주말,1140281.0,20-21시간대,102661.0,0.090031,57014.050000,33526.955906,0.411953
왕십리(성동구청),전체,14481708.0,18-19시간대,1506022.0,0.103995,724085.400000,332938.663766,0.540194
왕십리(성동구청),평일,11159709.0,18-19시간대,1256674.0,0.112608,557985.450000,280566.889972,0.497179
왕십리(성동구청),주말,3321999.0,17-18시간대,275454.0,0.082918,166099.950000,80254.339730,0.516831
용답,전체,2222688.0,08-09시간대,216202.0,0.097271,111134.400000,48941.333237,0.559620
용답,평일,1751248.0,08-09시간대,195457.0,0.111610,87562.400000,43232.128338,0.506271
용답,주말,471440.0,17-18시간대,35849.0,0.076041,23572.000000,10001.897425,0.575687
용두(동대문구청),전체,1847514.0,08-09시간대,178661.0,0.096703,92375.700000,47735.856594,0.483242
용두(동대문구청),평일,1457751.0,08-09시간대,164159.0,0.112611,72887.550000,40593.372303,0.443069
용두(동대문구청),주말,389763.0,15-16시간대,33434.0,0.085780,19488.150000,11052.932327,0.432838
용마산(용마폭포공원),전체,4036727.0,08-09시간대,453352.0,0.112307,201836.350000,96948.413194,0.519668
용마산(용마폭포공원),평일,3182433.0,08-09시간대,401794.0,0.126254,159121.650000,87990.423196,0.447024
용마산(용마폭포공원),주말,854294.0,09-10시간대,61979.0,0.072550,42714.700000,17175.591053,0.597900
우장산,전체,10447726.0,08-09시간대,971493.0,0.092986,522386.300000,242500.371621,0.535783
우장산,평일,8402919.0,08-09시간대,872520.0,0.103835,420145.950000,215783.245861,0.486409
우장산,주말,2044807.0,13-14시간대,157073.0,0.076816,102240.350000,48327.921901,0.527311
월곡(동덕여대),전체,8275691.0,08-09시간대,886080.0,0.107070,413784.550000,208484.764763,0.496151
월곡(동덕여대),평일,6799706.0,08-09시간대,814371.0,0.119766,339985.300000,191426.043569,0.436958
월곡(동덕여대),주말,1475985.0,16-17시간대,113558.0,0.076937,73799.250000,32069.202500,0.565454
월드컵경기장(성산),전체,4519609.0,18-19시간대,440426.0,0.097448,225980.450000,116707.935217,0.483549
월드컵경기장(성산),평일,2819562.0,18-19시간대,278547.0,0.098791,140978.100000,69055.475301,0.510169
월드컵경기장(성산),주말,1700047.0,16-17시간대,164049.0,0.096497,85002.350000,52205.075154,0.385840
을지로3가,전체,26145426.0,18-19시간대,3351822.0,0.128199,1307271.300000,840983.800944,0.356688
을지로3가,평일,21350785.0,08-09시간대,3059905.0,0.143316,1067539.250000,786157.410773,0.263580
을지로3가,주말,4794641.0,17-18시간대,422787.0,0.088179,239732.050000,125627.260705,0.475968
을지로4가,전체,14692609.0,18-19시간대,1608888.0,0.109503,734630.450000,435442.630117,0.407263
을지로4가,평일,12076559.0,08-09시간대,1517680.0,0.125672,603827.950000,395695.659547,0.344688
을지로4가,주말,2616050.0,16-17시간대,222900.0,0.085205,130802.500000,73142.643080,0.440816
을지로입구,전체,35464695.0,18-19시간대,4287611.0,0.120898,1773234.750000,1106899.454271,0.375774
을지로입구,평일,28535570.0,08-09시간대,4008582.0,0.140477,1426778.500000,1008970.238774,0.292833
을지로입구,주말,6929125.0,17-18시간대,608914.0,0.087877,346456.250000,192457.497255,0.444497
응암,전체,12560559.0,08-09시간대,1266600.0,0.100839,628027.950000,299344.483358,0.523358
응암,평일,9992817.0,08-09시간대,1144780.0,0.114560,499640.850000,273670.120541,0.452266
응암,주말,2567742.0,16-17시간대,191211.0,0.074467,128387.100000,53018.002824,0.587046
이대,전체,12530744.0,18-19시간대,1114259.0,0.088922,626537.200000,290074.041115,0.537020
이대,평일,9946331.0,18-19시간대,943581.0,0.094867,497316.550000,242870.448790,0.511638
이대,주말,2584413.0,16-17시간대,208303.0,0.080600,129220.650000,65791.566770,0.490859
이수,전체,11798829.0,18-19시간대,1242207.0,0.105282,589941.450000,283550.595977,0.519358
이수,평일,9335725.0,18-19시간대,1074445.0,0.115090,466786.250000,247939.885601,0.468836
이수,주말,2463104.0,16-17시간대,205820.0,0.083561,123155.200000,59579.910505,0.516221
이촌(국립중앙박물관),전체,8002305.0,16-17시간대,717498.0,0.089661,400115.250000,232521.050321,0.418865
이촌(국립중앙박물관),평일,5704747.0,18-19시간대,520638.0,0.091264,285237.350000,157581.630591,0.447542
이촌(국립중앙박물관),주말,2297558.0,16-17시간대,244013.0,0.106205,114877.900000,85534.950229,0.255427
이태원,전체,9318563.0,18-19시간대,864920.0,0.092817,465928.150000,183505.991954,0.606150
이태원,평일,6416918.0,18-19시간대,645775.0,0.100636,320845.900000,137272.811513,0.572153
이태원,주말,2901645.0,22-23시간대,225935.0,0.077864,145082.250000,63479.053447,0.562462
일원,전체,7496513.0,07-08시간대,717424.0,0.095701,374825.650000,194627.005157,0.480753
일원,평일,6374177.0,07-08시간대,675610.0,0.105992,318708.850000,175359.247271,0.449782
일원,주말,1122336.0,12-13시간대,92975.0,0.082841,56116.800000,28385.585117,0.494170
자양(뚝섬한강공원),전체,7121393.0,18-19시간대,704670.0,0.098951,356069.650000,166988.410010,0.531023
자양(뚝섬한강공원),평일,5090043.0,18-19시간대,532230.0,0.104563,254502.150000,125705.696533,0.506072
자양(뚝섬한강공원),주말,2031350.0,18-19시간대,172440.0,0.084889,101567.500000,53054.050364,0.477647
잠실(송파구청),전체,72717683.0,18-19시간대,7486160.0,0.102948,3635884.150000,1817878.113791,0.500018
잠실(송파구청),평일,54128106.0,18-19시간대,6071980.0,0.112178,2706405.300000,1440408.152926,0.467778
잠실(송파구청),주말,18589577.0,16-17시간대,1669876.0,0.089829,929478.850000,529388.610765,0.430446
잠실나루,전체,10012356.0,08-09시간대,1019062.0,0.101780,500617.800000,250500.295945,0.499618
잠실나루,평일,8448131.0,08-09시간대,949646.0,0.112409,422406.550000,228530.408291,0.458980
잠실나루,주말,1564225.0,16-17시간대,132121.0,0.084464,78211.250000,37574.451039,0.519577
잠실새내,전체,16825313.0,18-19시간대,1608239.0,0.095584,841265.650000,386410.171599,0.540680
잠실새내,평일,13119661.0,18-19시간대,1347882.0,0.102738,655983.050000,327324.962214,0.501016
잠실새내,주말,3705652.0,17-18시간대,302323.0,0.081584,185282.600000,92749.661359,0.499415
잠원,전체,4150800.0,08-09시간대,393281.0,0.094748,207540.000000,97404.791663,0.530670
잠원,평일,3342185.0,08-09시간대,354360.0,0.106026,167109.250000,85278.810367,0.489682
잠원,주말,808615.0,17-18시간대,66084.0,0.081725,40430.750000,19244.991720,0.524001
장승배기,전체,6532502.0,08-09시간대,681256.0,0.104287,326625.100000,152450.763912,0.533255
장승배기,평일,5271719.0,08-09시간대,613945.0,0.116460,263585.950000,136596.572756,0.481776
장승배기,주말,1260783.0,16-17시간대,96041.0,0.076176,63039.150000,26773.516355,0.575287
장암,전체,1459562.0,07-08시간대,227524.0,0.155885,72978.100000,51119.447964,0.299523
장암,평일,1105839.0,07-08시간대,216577.0,0.195849,55291.950000,48562.453656,0.121708
장암,주말,353723.0,15-16시간대,30183.0,0.085329,17686.150000,10604.727801,0.400394
장지,전체,11628680.0,18-19시간대,1205794.0,0.103691,581434.000000,316963.721922,0.454859
장지,평일,9297259.0,08-09시간대,1095525.0,0.117833,464862.950000,284476.007503,0.388043
장지,주말,2331421.0,17-18시간대,192946.0,0.082759,116571.050000,57967.162913,0.502731
장한평,전체,13747272.0,08-09시간대,1788061.0,0.130067,687363.600000,427342.693282,0.378287
장한평,평일,11259650.0,08-09시간대,1668348.0,0.148171,562982.500000,401515.252363,0.286807
장한평,주말,2487622.0,18-19시간대,193269.0,0.077692,124381.100000,55451.157018,0.554183
제기동,전체,12043576.0,14-15시간대,1060590.0,0.088063,602178.800000,356726.328459,0.407607
제기동,평일,9088768.0,14-15시간대,750903.0,0.082619,454438.400000,259869.814316,0.428152
제기동,주말,2954808.0,13-14시간대,313492.0,0.106096,147740.400000,106678.601667,0.277932
종각,전체,26937575.0,08-09시간대,3311641.0,0.122938,1346878.750000,861030.381327,0.360722
종각,평일,22310351.0,08-09시간대,3183155.0,0.142676,1115517.550000,807473.327852,0.276145
종각,주말,4627224.0,16-17시간대,434045.0,0.093802,231361.200000,130101.870680,0.437668
종로3가,전체,37991357.0,18-19시간대,3702481.0,0.097456,1899567.850000,999688.128919,0.473729
종로3가,평일,28420366.0,18-19시간대,2994393.0,0.105361,1421018.300000,750353.179364,0.471961
종로3가,주말,9570991.0,16-17시간대,881533.0,0.092105,478549.550000,290261.032436,0.393457
종로5가,전체,16721011.0,17-18시간대,1491052.0,0.089172,836050.550000,488194.685286,0.416070
종로5가,평일,12961789.0,18-19시간대,1223591.0,0.094400,648089.450000,377312.717894,0.417808
종로5가,주말,3759222.0,14-15시간대,373373.0,0.099322,187961.100000,132223.826318,0.296536
종합운동장,전체,10486044.0,17-18시간대,1291183.0,0.123133,524302.200000,334215.565737,0.362552
종합운동장,평일,7250611.0,18-19시간대,940768.0,0.129750,362530.550000,258401.637965,0.287228
종합운동장,주말,3235433.0,16-17시간대,427120.0,0.132013,161771.650000,117757.611244,0.272075
중계,전체,9916134.0,08-09시간대,1098002.0,0.110729,495806.700000,245121.775580,0.505610
중계,평일,8017917.0,08-09시간대,981857.0,0.122458,400895.850000,225720.477622,0.436960
중계,주말,1898217.0,11-12시간대,133630.0,0.070398,94910.850000,39165.692034,0.587342
중곡,전체,7435605.0,08-09시간대,889596.0,0.119640,371780.250000,200326.195738,0.461170
중곡,평일,6027743.0,08-09시간대,809452.0,0.134288,301387.150000,183701.345467,0.390480
중곡,주말,1407862.0,16-17시간대,102331.0,0.072685,70393.100000,30114.645631,0.572193
중화,전체,7520637.0,08-09시간대,808588.0,0.107516,376031.850000,180126.213416,0.520981
중화,평일,5998685.0,08-09시간대,720193.0,0.120058,299934.250000,162179.605594,0.459283
중화,주말,1521952.0,17-18시간대,112134.0,0.073678,76097.600000,30862.138903,0.594440
증산(명지대앞),전체,6628218.0,08-09시간대,667171.0,0.100656,331410.900000,155379.990378,0.531156
증산(명지대앞),평일,5232499.0,08-09시간대,598041.0,0.114294,261624.950000,140832.672937,0.461700
증산(명지대앞),주말,1395719.0,16-17시간대,106650.0,0.076412,69785.950000,28837.093570,0.586778
지축,전체,5383766.0,08-09시간대,535044.0,0.099381,269188.300000,132543.898792,0.507616
지축,평일,4313783.0,08-09시간대,477300.0,0.110645,215689.150000,121142.658746,0.438346
지축,주말,1069983.0,16-17시간대,79223.0,0.074041,53499.150000,24102.827662,0.549473
창동,전체,19738968.0,18-19시간대,1768907.0,0.089615,986948.400000,419012.060800,0.575447
창동,평일,15376215.0,18-19시간대,1449699.0,0.094282,768810.750000,348074.653938,0.547256
창동,주말,4362753.0,16-17시간대,346265.0,0.079368,218137.650000,103510.983857,0.525479
창신,전체,2332733.0,08-09시간대,274786.0,0.117796,116636.650000,61523.916438,0.472516
창신,평일,1903448.0,08-09시간대,248752.0,0.130685,95172.400000,57760.718683,0.393094
창신,주말,429285.0,16-17시간대,30352.0,0.070704,21464.250000,8565.088604,0.600960
천왕,전체,7980529.0,08-09시간대,912677.0,0.114363,399026.450000,215163.321128,0.460779
천왕,평일,6573776.0,08-09시간대,832994.0,0.126715,328688.800000,202118.182021,0.385077
천왕,주말,1406753.0,16-17시간대,101285.0,0.071999,70337.650000,29415.631444,0.581794
천호(풍납토성),전체,27586027.0,18-19시간대,2762523.0,0.100142,1379301.350000,650504.599699,0.528381
천호(풍납토성),평일,21060011.0,18-19시간대,2279511.0,0.108239,1053000.550000,531728.585576,0.495035
천호(풍납토성),주말,6526016.0,16-17시간대,545322.0,0.083561,326300.800000,168982.460889,0.482127
철산,전체,15280981.0,18-19시간대,1549253.0,0.101384,764049.050000,376016.436281,0.507863
철산,평일,12296156.0,18-19시간대,1345331.0,0.109411,614807.800000,345730.843319,0.437660
철산,주말,2984825.0,17-18시간대,229060.0,0.076742,149241.250000,65153.620518,0.563434
청구,전체,5072976.0,08-09시간대,639968.0,0.126152,253648.800000,145241.020960,0.427393
청구,평일,4123064.0,08-09시간대,595504.0,0.144432,206153.200000,134510.159551,0.347523
청구,주말,949912.0,17-18시간대,74246.0,0.078161,47495.600000,21144.080021,0.554820
청담,전체,12909418.0,08-09시간대,1746229.0,0.135268,645470.900000,429830.406906,0.334082
청담,평일,10881178.0,08-09시간대,1628060.0,0.149622,544058.900000,403946.928378,0.257531
청담,주말,2028240.0,16-17시간대,157163.0,0.077487,101412.000000,46350.549922,0.542948
청량리(서울시립대입구),전체,16614585.0,16-17시간대,1305804.0,0.078594,830729.250000,419979.830637,0.494444
청량리(서울시립대입구),평일,12401483.0,18-19시간대,1039834.0,0.083848,620074.150000,308722.836782,0.502119
청량리(서울시립대입구),주말,4213102.0,14-15시간대,389876.0,0.092539,210655.100000,130711.761097,0.379499
총신대입구(이수),전체,14425065.0,18-19시간대,1481115.0,0.102676,721253.250000,351626.245744,0.512479
총신대입구(이수),평일,11335243.0,18-19시간대,1255457.0,0.110757,566762.150000,298628.571421,0.473097
총신대입구(이수),주말,3089822.0,16-17시간대,260029.0,0.084157,154491.100000,80310.857564,0.480159
충무로,전체,21962171.0,18-19시간대,2524354.0,0.114941,1098108.550000,627532.022447,0.428534
충무로,평일,18272793.0,08-09시간대,2275670.0,0.124539,913639.650000,578455.260342,0.366867
충무로,주말,3689378.0,17-18시간대,299487.0,0.081175,184468.900000,89786.369085,0.513271
충정로(경기대입구),전체,10530290.0,08-09시간대,1564777.0,0.148598,526514.500000,373859.404839,0.289935
충정로(경기대입구),평일,8868587.0,08-09시간대,1494781.0,0.168548,443429.350000,360390.804692,0.187264
충정로(경기대입구),주말,1661703.0,17-18시간대,134426.0,0.080897,83085.150000,41182.459002,0.504334
태릉입구,전체,10604555.0,18-19시간대,964614.0,0.090962,530227.750000,218625.863872,0.587676
태릉입구,평일,8265365.0,08-09시간대,817956.0,0.098962,413268.250000,188952.263641,0.542785
태릉입구,주말,2339190.0,16-17시간대,180563.0,0.077190,116959.500000,49184.773052,0.579472
하계,전체,12357355.0,08-09시간대,1166286.0,0.094380,617867.750000,280711.171489,0.545678
하계,평일,9882969.0,08-09시간대,1043452.0,0.105581,494148.450000,250633.743293,0.492797
하계,주말,2474386.0,16-17시간대,190129.0,0.076839,123719.300000,56398.931333,0.544138
하남검단산,전체,4737936.0,08-09시간대,379185.0,0.080032,236896.800000,96525.138095,0.592544
하남검단산,평일,3534705.0,08-09시간대,323062.0,0.091397,176735.250000,78837.226977,0.553925
하남검단산,주말,1203231.0,15-16시간대,94340.0,0.078406,60161.550000,28273.618674,0.530038
하남시청(덕풍·신장),전체,6002084.0,08-09시간대,529316.0,0.088189,300104.200000,128610.407145,0.571447
하남시청(덕풍·신장),평일,4700981.0,08-09시간대,462440.0,0.098371,235049.050000,110980.618945,0.527841
하남시청(덕풍·신장),주말,1301103.0,13-14시간대,96475.0,0.074149,65055.150000,28513.126528,0.561708
하남풍산,전체,3279125.0,08-09시간대,343819.0,0.104851,163956.250000,82349.240270,0.497736
하남풍산,평일,2589037.0,08-09시간대,308003.0,0.118964,129451.850000,72777.988276,0.437799
하남풍산,주말,690088.0,13-14시간대,54765.0,0.079359,34504.400000,16406.822622,0.524501
학동,전체,15367865.0,08-09시간대,2186712.0,0.142291,768393.250000,588169.923477,0.234546
학동,평일,13348714.0,08-09시간대,2094055.0,0.156873,667435.700000,567331.347153,0.149984
학동,주말,2019151.0,13-14시간대,173602.0,0.085978,100957.550000,52348.320462,0.481482
학여울,전체,1804892.0,18-19시간대,157284.0,0.087143,90244.600000,47569.154683,0.472886
학여울,평일,1294138.0,08-09시간대,137198.0,0.106015,64706.900000,35956.706341,0.444314
학여울,주말,510754.0,13-14시간대,55261.0,0.108195,25537.700000,18537.940040,0.274095
한강진,전체,8356987.0,18-19시간대,899603.0,0.107647,417849.350000,232831.757206,0.442785
한강진,평일,5942742.0,18-19시간대,692456.0,0.116521,297137.100000,173531.901881,0.415987
한강진,주말,2414245.0,16-17시간대,271441.0,0.112433,120712.250000,81792.901611,0.322414
한성대입구(삼선교),전체,10275083.0,18-19시간대,845678.0,0.082304,513754.150000,218088.034695,0.575501
한성대입구(삼선교),평일,7980045.0,08-09시간대,734329.0,0.092021,399002.250000,181602.085174,0.544859
한성대입구(삼선교),주말,2295038.0,17-18시간대,180153.0,0.078497,114751.900000,53159.549872,0.536744
한양대,전체,8386854.0,08-09시간대,798611.0,0.095222,419342.700000,237064.297973,0.434676
한양대,평일,7328766.0,08-09시간대,746756.0,0.101894,366438.300000,216056.240531,0.410388
한양대,주말,1058088.0,15-16시간대,89986.0,0.085046,52904.400000,27043.223647,0.488828
합정,전체,34080815.0,18-19시간대,3859580.0,0.113248,1704040.750000,846678.529928,0.503135
합정,평일,25098667.0,18-19시간대,3165972.0,0.126141,1254933.350000,695392.148662,0.445873
합정,주말,8982148.0,17-18시간대,781837.0,0.087043,449107.400000,240051.288647,0.465492
행당,전체,5317043.0,08-09시간대,617057.0,0.116053,265852.150000,139283.081046,0.476088
행당,평일,4281302.0,08-09시간대,559644.0,0.130718,214065.100000,128364.767498,0.400347
행당,주말,1035741.0,13-14시간대,79782.0,0.077029,51787.050000,24040.433117,0.535783
혜화,전체,26801565.0,18-19시간대,2471370.0,0.092210,1340078.250000,653392.442920,0.512422
혜화,평일,19882578.0,18-19시간대,1961716.0,0.098665,994128.900000,482699.402653,0.514450
혜화,주말,6918987.0,17-18시간대,668532.0,0.096623,345949.350000,217445.214883,0.371454
홍대입구,전체,55950717.0,18-19시간대,5439302.0,0.097216,2797535.850000,1386349.185939,0.504439
홍대입구,평일,38682105.0,18-19시간대,4063926.0,0.105060,1934105.250000,950400.678586,0.508610
홍대입구,주말,17268612.0,17-18시간대,1502511.0,0.087008,863430.600000,495345.589713,0.426305
홍제,전체,12526916.0,08-09시간대,1146421.0,0.091517,626345.800000,287874.697023,0.540390
홍제,평일,9818172.0,08-09시간대,1018430.0,0.103729,490908.600000,248491.737632,0.493813
홍제,주말,2708744.0,16-17시간대,217016.0,0.080117,135437.200000,65564.364594,0.515906
화곡,전체,19260603.0,08-09시간대,2113746.0,0.109745,963030.150000,491198.409975,0.489945
화곡,평일,15401206.0,08-09시간대,1913692.0,0.124256,770060.300000,457052.181383,0.406472
화곡,주말,3859397.0,17-18시간대,277453.0,0.071890,192969.850000,76325.537276,0.604469
화랑대(서울여대입구),전체,7403335.0,08-09시간대,817787.0,0.110462,370166.750000,192382.254327,0.480282
화랑대(서울여대입구),평일,6060619.0,08-09시간대,742006.0,0.122431,303030.950000,181785.672877,0.400109
화랑대(서울여대입구),주말,1342716.0,16-17시간대,98448.0,0.073320,67135.800000,28217.171399,0.579700
회현(남대문시장),전체,20146768.0,08-09시간대,1902618.0,0.094438,1007338.400000,614616.374319,0.389861
회현(남대문시장),평일,16091841.0,08-09시간대,1783122.0,0.110809,804592.050000,507284.622026,0.369513
회현(남대문시장),주말,4054927.0,14-15시간대,392021.0,0.096678,202746.350000,141512.085603,0.302024
효창공원앞,전체,5157525.0,08-09시간대,632550.0,0.122646,257876.250000,145656.222537,0.435170
효창공원앞,평일,4163333.0,08-09시간대,585376.0,0.140603,208166.650000,133489.182500,0.358739
효창공원앞,주말,994192.0,16-17시간대,84033.0,0.084524,49709.600000,24024.749009,0.516698
